Activity ID,Activity Date,Activity Name,Activity Type,Activity Description,Elapsed Time,Distance,Max Heart Rate,Relative Effort,Commute,Activity Private Note,Activity Gear,Filename,Athlete Weight,Bike Weight,Elapsed Time,Moving Time,Distance,Max Speed,Average Speed,Elevation Gain,Elevation Loss,Elevation Low,Elevation High,Max Grade,Average Grade,Average Positive Grade,Average Negative Grade,Max Cadence,Average Cadence,Max Heart Rate,Average Heart Rate,Max Watts,Average Watts,Calories,Max Temperature,Average Temperature,Relative Effort,Total Work,Number of Runs,Uphill Time,Downhill Time,Other Time,Perceived Exertion,"<span class=""translation_missing"" title=""translation missing: en-GB.lib.export.portability_exporter.activities.horton_values.type"">Type</span>","<span class=""translation_missing"" title=""translation missing: en-GB.lib.export.portability_exporter.activities.horton_values.start_time"">Start Time</span>",Weighted Average Power,Power Count,Prefer Perceived Exertion,Perceived Relative Effort,Commute,Total Weight Lifted,From Upload,Grade Adjusted Distance,Weather Observation Time,Weather Condition,Weather Temperature,Apparent Temperature,Dewpoint,Humidity,Weather Pressure,Wind Speed,Wind Gust,Wind Bearing,Precipitation Intensity,Sunrise Time,Sunset Time,Moon Phase,Bike,Gear,Precipitation Probability,Precipitation Type,Cloud Cover,Weather Visibility,UV Index,Weather Ozone,"<span class=""translation_missing"" title=""translation missing: en-GB.lib.export.portability_exporter.activities.horton_values.jump_count"">Jump Count</span>","<span class=""translation_missing"" title=""translation missing: en-GB.lib.export.portability_exporter.activities.horton_values.total_grit"">Total Grit</span>","<span class=""translation_missing"" title=""translation missing: en-GB.lib.export.portability_exporter.activities.horton_values.avg_flow"">Avg Flow</span>","<span class=""translation_missing"" title=""translation missing: en-GB.lib.export.portability_exporter.activities.horton_values.flagged"">Flagged</span>","<span class=""translation_missing"" title=""translation missing: en-GB.lib.export.portability_exporter.activities.horton_values.avg_elapsed_speed"">Avg Elapsed Speed</span>","<span class=""translation_missing"" title=""translation missing: en-GB.lib.export.portability_exporter.activities.horton_values.dirt_distance"">Dirt Distance</span>","<span class=""translation_missing"" title=""translation missing: en-GB.lib.export.portability_exporter.activities.horton_values.newly_explored_distance"">Newly Explored Distance</span>","<span class=""translation_missing"" title=""translation missing: en-GB.lib.export.portability_exporter.activities.horton_values.newly_explored_dirt_distance"">Newly Explored Dirt Distance</span>","<span class=""translation_missing"" title=""translation missing: en-GB.lib.export.portability_exporter.activities.horton_values.sport_type"">Sport Type</span>","<span class=""translation_missing"" title=""translation missing: en-GB.lib.export.portability_exporter.activities.horton_values.total_steps"">Total Steps</span>",Media
9057888876,"11 May 2023, 16:48:49",Grimsby Bike,Ride,"",14160,60.00,,,false,,,,,,14160.0,14160.0,60000.0,,4.237287998199463,,,,,,0.0,,,,,,,,,,,,,,,,,,,,,,,,,0.0,,0.0,,,,,,,,,,,,,,,,,,,,,,,,,,,0.0,4.237287998199463,0.0,,,,,media/01178CCF-6800-4B84-B196-95A21063FEA8.mp4|media/42DDB32D-D2B7-4AF0-940E-923280A74A5D.mp4
9103192925,"20 May 2023, 00:46:50",Night Run,Run,"",1537,5.02,,,false,"bad cramps in left lung at beginning ended about 1.5 km in. left foot pain came back after days of nothing at the end of the run.
",,activities/9103192925.gpx,,,1537.0,1537.0,5025.18017578125,5.920019626617432,3.269473075866699,12.844444274902344,19.84440040588379,76.9000015258789,94.69999694824219,3.2507290840148926,-0.1392984837293625,,,,,,,,,,,,,,,,,,,,,,,,,0.0,,1.0,5026.10009765625,,,,,,,,,,,,,,,,,,,,,,,,,,0.0,3.269473075866699,51.900001525878906,,,,3874.0,""
9122442003,"23 May 2023, 00:12:56",Evening Run,Run,,1811,5.88,,,false,felt good,,activities/9122442003.gpx,,,1811.0,1764.0,5885.39013671875,4.918000221252441,3.3363890647888184,12.909722328186035,10.009721755981445,82.4000015258789,91.9000015258789,3.7932510375976562,0.04927456006407738,,,,,,,,,,,,,,,,,,,,,,,,,0.0,,1.0,5901.39990234375,,,,,,,,,,,,,,,,,,,,,,,,,,0.0,3.2498013973236084,38.0,,,,4556.0,""
9134794780,"24 May 2023, 21:45:32",Evening Run,Run,,3244,10.01,,,false,felt good until km 7 cramps in right lung,,activities/9134794780.gpx,,,3244.0,3230.0,10012.490234375,5.81201171875,3.099842071533203,25.5639705657959,26.163970947265625,76.0,86.0,19.68568229675293,-0.00599251501262188,,,,,,,,,,,,,,,,,,,,,,,,,0.0,,1.0,10047.2998046875,,,,,,,,,,,,,,,,,,,,,,,,,,0.0,3.0864644050598145,1528.800048828125,,,,8176.0,""
9140989956,"25 May 2023, 22:34:34",Evening Run,Run,,1643,5.04,,,false,good run,,activities/9140989956.gpx,,,1643.0,1615.0,5042.47021484375,5.539999485015869,3.122272491455078,5.184444427490234,14.984444618225098,76.0,86.80000305175781,2.7932827472686768,-0.19434918463230133,,,,,,,,,,,,,,,,,,,,,,,,,0.0,,1.0,5030.39990234375,,,,,,,,,,,,,,,,,,,,,,,,,,0.0,3.0690627098083496,1488.0999755859375,,,,4032.0,""
9152012070,"27 May 2023, 16:21:29",Afternoon Run,Run,"",6407,17.00,,,false,really good until end so thirsty lips so dry,,activities/9152012070.gpx,,,6407.0,6310.0,17008.779296875,8.490038871765137,2.6955275535583496,158.5771484375,157.4770050048828,104.30000305175781,152.3000030517578,40.25157165527344,0.006467248313128948,,,,,,,,,,,,,,,,,,,,,,,0.0,,0.0,,1.0,17506.69921875,,,,,,,,,,,,,,,,,,,,,,,,,,0.0,2.6547181606292725,14987.7998046875,,,,15548.0,media/EA687078-8D4D-4D33-B357-2BB19B0F0876.jpg|media/5432CE0F-0377-4C57-B11F-86055C6482D1.jpg|media/99124485-568E-4BE7-A258-3473E817C5D1.jpg|media/F8461EFD-125C-412B-8BDA-12F80C43A59C.jpg
9172143441,"30 May 2023, 20:49:01",Afternoon Ride,Ride,"",3482,18.77,,,false,good ride almost hit,,activities/9172143441.gpx,,,3482.0,3062.0,18778.01953125,11.344141006469727,6.132599353790283,46.166378021240234,47.16640090942383,77.0,104.0999984741211,7.477545261383057,-0.005325375124812126,,,,,,,,,,,,,,,,,,,,,,,0.0,,0.0,,1.0,,,,,,,,,,,,,,,,,,,,,,,,,,,0.0,5.39288330078125,877.2000122070312,,,,,media/E3272B71-8478-4ED9-99AD-0AEBAF4CFD38.jpg
9178898687,"31 May 2023, 21:43:50",Evening Run,Run,"",3019,5.74,,,false,not good so many mosquitoes and not a running trail,,activities/9178898687.gpx,,,3019.0,2456.0,5740.2900390625,4.373974800109863,2.337251663208008,184.94908142089844,183.74899291992188,216.39999389648438,273.3999938964844,39.27067184448242,0.020904866978526115,,,,,,,,,,,,,,,,,,,,,,,0.0,,0.0,,1.0,6599.89990234375,,,,,,,,,,,,,,,,,,,,,,,,,,0.0,1.9013879299163818,5740.2998046875,,,,5286.0,media/0EDCD638-1B4B-446D-A5BC-21F69FDAB9FF.jpg|media/D9F26C8E-3CB2-495F-B905-D750275B9EB8.mp4|media/BCA8A8A8-D8ED-4265-8F25-2C7F5F8920F9.jpg|media/D7842342-D812-42F3-9663-B03CAAE1A452.jpg|media/35EC3DDA-D024-40D7-BC6A-6BA9E69BD92C.jpg
9190842112,"2 Jun 2023, 21:02:27",Evening Run,Run,"",8858,21.21,,,false,"",,activities/9190842112.gpx,,,8858.0,7929.0,21215.91015625,6.554003715515137,2.6757359504699707,28.645618438720703,31.145599365234375,75.19999694824219,81.19999694824219,25.75279998779297,-0.011783609166741371,,,,,,,,,,,,,,,,,,,,,,,0.0,,0.0,,1.0,21279.0,,,,,,,,,,,,,,,,,,,,,,,,,,0.0,2.395112991333008,1501.9000244140625,,,,20322.0,media/FB3A3C9F-3D44-4F45-8193-FD3C02D6C633.jpg|media/80018D44-8316-4553-9E67-0A05E6DEFCB7.jpg|media/894BE05D-FD00-4979-9111-902BEFA35677.jpg|media/5945315C-ADAF-4B89-A6F6-35153D704D79.jpg|media/74BEA791-4743-4F36-A35B-DE68F57C3CCE.jpg
9209871218,"5 Jun 2023, 20:51:37",Afternoon Run,Run,"",2126,6.47,,,false,good run ,,activities/9209871218.gpx,,,2126.0,1985.0,6473.72021484375,4.929980278015137,3.261320114135742,15.032720565795898,14.932700157165527,78.5,88.4000015258789,3.8476712703704834,0.001544706872664392,,,,,,,,,,,,,,,,,,,,,,,0.0,,0.0,,1.0,6489.0,,,,,,,,,,,,,,,,,,,,,,,,,,0.0,3.0450236797332764,0.0,,,,5264.0,""
9229557435,"8 Jun 2023, 21:35:11",Evening Hike,Hike,,5589,7.37,,,false,,,activities/9229557435.gpx,,,5589.0,5459.0,7374.7900390625,4.476000785827637,1.35094153881073,111.4631118774414,111.1631088256836,107.30000305175781,152.1999969482422,45.197242736816406,0.004067912232130766,,,,,,,,,,,,,,,,,,,,,,,,,0.0,,1.0,,,,,,,,,,,,,,,,,,,,,,,,,,,0.0,1.3195186853408813,6132.2001953125,,,,,""
9235092911,"9 Jun 2023, 21:13:00",Afternoon Run,Run,"",1620,5.00,,,false,not good  ,,,,,1620.0,1620.0,5000.0,,3.0864198207855225,,,,,,0.0,,,,,,,,,,,,,,,,,,,,,,,,,0.0,,0.0,,,,,,,,,,,,,,,,,,,,,,,,,,,0.0,3.0864198207855225,0.0,,,,,""
9245885698,"11 Jun 2023, 13:16:31",Morning Run,Run,"",3090,9.00,,,false,good run,,activities/9245885698.gpx,,,3090.0,2818.0,9001.3896484375,5.183984279632568,3.1942474842071533,0.0,0.10000000149011612,76.19999694824219,78.19999694824219,2.9962875843048096,-0.0011109395418316126,,,,,,,,,,,,,,,,,,,,,,,0.0,,0.0,,1.0,9006.2998046875,,,,,,,,,,,,,,,,,,,,,,,,,,0.0,2.9130711555480957,0.0,,,,7558.0,media/BC12F697-83F0-4B25-A25E-6853C73C4A9D.mp4
9272981073,"15 Jun 2023, 20:39:11",Afternoon Run,Run,"",1529,5.07,,,false,good run,,activities/9272981073.gpx,,,1529.0,1529.0,5076.97021484375,5.90000057220459,3.320451498031616,7.598165035247803,12.498169898986816,76.0,82.30000305175781,3.1225461959838867,-0.0965142548084259,,,,,,,,,,,,,,,,,,,,,,,0.0,,0.0,,1.0,5072.2998046875,,,,,,,,,,,,,,,,,,,,,,,,,,0.0,3.320451498031616,1500.5,,,,3950.0,media/7AEF544E-603A-492E-8B6D-9281BC7708DA.jpg
9278651638,"16 Jun 2023, 21:02:30",Afternoon Run,Run,,1716,5.66,,,false,,,activities/9278651638.gpx,,,1716.0,1716.0,5668.64013671875,5.698000431060791,3.303403377532959,19.99342918395996,20.093429565429688,84.0,94.69999694824219,2.900644540786743,-0.0017640915466472507,,,,,,,,,,,,,,,,,,,,,,,,,0.0,,1.0,5681.2001953125,,,,,,,,,,,,,,,,,,,,,,,,,,0.0,3.303403377532959,24.600000381469727,,,,4206.0,""
9290122649,"18 Jun 2023, 14:47:17",Lunch Run,Run,"",3907,10.60,,,false,good run,,activities/9290122649.gpx,,,3907.0,3535.0,10602.7099609375,4.7099609375,2.999352216720581,104.91279602050781,104.41300201416016,105.19999694824219,152.3000030517578,24.91973114013672,0.004715775605291128,,,,,,,,,,,,,,,,,,,,,,,0.0,,0.0,,1.0,10964.400390625,,,,,,,,,,,,,,,,,,,,,,,,,,0.0,2.713772773742676,9210.7998046875,,,,8766.0,media/A211B8F1-35E1-4BCC-87C6-F44B977A2A3F.jpg|media/565FA73A-5B7B-4349-A533-32444DFD779B.mp4
9316457245,"22 Jun 2023, 21:44:32",Evening Run,Run,"",2888,9.01,,,false,"best run yet, listening to circle time wedding ep",,activities/9316457245.gpx,,,2888.0,2861.0,9016.6298828125,4.987890720367432,3.1515657901763916,22.301774978637695,22.1018009185791,77.0,94.69999694824219,4.989442825317383,0.002218123758211732,,,,,,,,,,,,,,,,,,,,,,,0.0,,0.0,,1.0,9036.2998046875,,,,,,,,,,,,,,,,,,,,,,,,,,0.0,3.1221017837524414,1579.5,,,,7252.0,""
9325977092,"24 Jun 2023, 14:00:24",Morning Run,Run,"",2738,7.60,,,false,tough hills ,,activities/9325977092.gpx,,,2738.0,2631.0,7604.97021484375,5.693945407867432,2.8905246257781982,171.093017578125,171.1929931640625,127.30000305175781,223.60000610351562,25.887081146240234,-0.0013149295700713992,,,,,,,,,,,,,,,,,,,,,,,0.0,,0.0,,1.0,8183.2998046875,,,,,,,,,,,,,,,,,,,,,,,,,,0.0,2.77756404876709,7605.0,,,,6748.0,media/0566D113-D472-4C52-98D6-CC89D2A12A90.jpg|media/1BABFBDD-F70E-4984-A3CA-EDB4B8C25351.jpg
9334003877,"25 Jun 2023, 17:06:37",Afternoon Run,Run,,4427,10.89,,,false,,,activities/9334003877.gpx,,,4427.0,3857.0,10891.1103515625,4.762011528015137,2.823725700378418,105.64778900146484,105.54779052734375,332.5,384.8999938964844,39.704349517822266,0.0009181800414808095,,,,,,,,,,,,,,,,,,,,,,,,,0.0,,1.0,11095.2001953125,,,,,,,,,,,,,,,,,,,,,,,,,,0.0,2.460155963897705,4340.7001953125,,,,9596.0,""
9359250397,"29 Jun 2023, 21:21:01",Evening Run,Run,,2433,7.51,,,false,feeling good,,activities/9359250397.gpx,,,2433.0,2387.0,7515.330078125,5.212000370025635,3.1484415531158447,16.92549705505371,16.525497436523438,76.0,83.30000305175781,5.633821964263916,0.005322454031556845,,,,,,,,,,,,,,,,,,,,,,,,,0.0,,1.0,7530.60009765625,,,,,,,,,,,,,,,,,,,,,,,,,,0.0,3.0889148712158203,1562.300048828125,,,,6116.0,""
9380943660,"3 Jul 2023, 15:01:30",Lunch Run,Run,,2107,6.41,,,false,shin splints?,,activities/9380943660.gpx,,,2107.0,2107.0,6410.7900390625,6.822009086608887,3.0426151752471924,19.98235321044922,17.082353591918945,77.0,94.69999694824219,7.518776893615723,0.04523623362183571,,,,,,,,,,,,,,,,,,,,,,,,,0.0,,1.0,6438.7998046875,,,,,,,,,,,,,,,,,,,,,,,,,,0.0,3.0426151752471924,48.0,,,,5392.0,""
9390507001,"5 Jul 2023, 01:02:06",Night Run,Run,,1685,5.31,,,false,"ok run, shin splints??",,activities/9390507001.gpx,,,1685.0,1631.0,5317.81982421875,5.409997463226318,3.2604658603668213,17.238069534301758,19.838069915771484,77.0,94.69999694824219,5.716678142547607,-0.04889221861958504,,,,,,,,,,,,,,,,,,,,,,,,,0.0,,1.0,5330.2001953125,,,,,,,,,,,,,,,,,,,,,,,,,,0.0,3.1559760570526123,166.6999969482422,,,,4038.0,""
9400456023,"6 Jul 2023, 16:05:30",Lunch Run,Run,,1896,6.06,,,false,"ok run, hot",,activities/9400456023.gpx,,,1896.0,1886.0,6061.1201171875,6.460000038146973,3.2137434482574463,13.947810173034668,14.547810554504395,76.0,84.30000305175781,5.615574359893799,-0.009899160824716091,,,,,,,,,,,,,,,,,,,,,,,,,0.0,,1.0,6074.10009765625,,,,,,,,,,,,,,,,,,,,,,,,,,0.0,3.1967933177948,1476.5,,,,4772.0,""
9402880809,"6 Jul 2023, 21:44:49",Evening Hike,Hike,"",9030,10.11,,,false,hike w ana,,activities/9402880809.gpx,,,9030.0,7858.0,10114.3603515625,3.758000135421753,1.2871417999267578,62.34189224243164,63.541900634765625,93.4000015258789,148.8000030517578,23.8992862701416,-0.011864319443702698,,,,,,,,,,,,,,,,,,,,,,,0.0,,0.0,,1.0,,,,,,,,,,,,,,,,,,,,,,,,,,,0.0,1.1200841665267944,9433.0,,,,,media/21DB43CC-A0E7-45E2-8320-74FA51B6763A.jpg|media/5D508119-0FCA-4D36-8EC1-4D08368DD628.jpg|media/C24BF5F9-CC08-403C-AA09-470AB316D0E3.mp4
9408696772,"8 Jul 2023, 00:00:20",Evening Run,Run,"",3149,10.01,,,false,good run,,activities/9408696772.gpx,,,3149.0,3090.0,10015.1796875,6.311999320983887,3.2411584854125977,28.326934814453125,22.326900482177734,76.0,94.5999984741211,6.4285712242126465,0.05990906059741974,,,,,,,,,,,,,,,,,,,,,,,0.0,,0.0,,1.0,10047.2998046875,,,,,,,,,,,,,,,,,,,,,,,,,,0.0,3.180431842803955,1561.9000244140625,,,,7924.0,media/2B4BBE97-AEDE-4900-8AD9-500F45189F99.jpg
9415058014,"8 Jul 2023, 20:22:17",Afternoon Run,Run,,1257,4.20,,,false,rainy but good run - car show on brant,,activities/9415058014.gpx,,,1257.0,1237.0,4201.16015625,8.32598876953125,3.3962490558624268,12.600000381469727,12.699999809265137,77.0,89.5999984741211,7.746438980102539,-0.002380294958129525,,,,,,,,,,,,,,,,,,,,,,,,,0.0,,1.0,4218.39990234375,,,,,,,,,,,,,,,,,,,,,,,,,,0.0,3.3422117233276367,74.5,,,,3158.0,""
9418782080,"9 Jul 2023, 13:12:18",Morning Run,Run,,3285,10.02,,,false,good run,,activities/9418782080.gpx,,,3285.0,3213.0,10021.419921875,5.33203125,3.1190226078033447,19.296796798706055,25.89679718017578,76.0,94.69999694824219,4.301030158996582,-0.06585893034934998,,,,,,,,,,,,,,,,,,,,,,,,,0.0,,1.0,10026.599609375,,,,,,,,,,,,,,,,,,,,,,,,,,0.0,3.0506606101989746,2189.5,,,,8448.0,""
9440178892,"12 Jul 2023, 21:50:53",Evening Run,Run,,1522,5.01,,,false,good run,,activities/9440178892.gpx,,,1522.0,1522.0,5011.60009765625,4.868000030517578,3.2927727699279785,12.744893074035645,15.444892883300781,77.0,86.0,5.5748748779296875,-0.05387501046061516,,,,,,,,,,,,,,,,,,,,,,,,,0.0,,1.0,5022.5,,,,,,,,,,,,,,,,,,,,,,,,,,0.0,3.2927727699279785,158.39999389648438,,,,3938.0,""
9446416653,"13 Jul 2023, 21:39:16",Evening Run,Run,,3140,9.52,,,false,,,activities/9446416653.gpx,,,3140.0,3136.0,9520.2802734375,4.643945217132568,3.0358035564422607,17.953432083129883,25.253433227539062,77.0,94.69999694824219,6.52347993850708,-0.07667841762304306,,,,,,,,,,,,,,,,,,,,,,,,,0.0,,1.0,9524.099609375,,,,,,,,,,,,,,,,,,,,,,,,,,0.0,3.0319364070892334,579.2000122070312,,,,7820.0,""
9458242328,"15 Jul 2023, 19:46:38",Afternoon Run,Run,"",6359,17.51,,,false,good run,,activities/9458242328.gpx,,,6359.0,6185.0,17513.349609375,6.1660003662109375,2.8315844535827637,35.69568634033203,35.195701599121094,82.4000015258789,104.4000015258789,6.569667339324951,0.00285496492870152,,,,,,,,,,,,,,,,,,,,,,,0.0,,0.0,,1.0,17556.30078125,,,,,,,,,,,,,,,,,,,,,,,,,,0.0,2.7541043758392334,994.2999877929688,,,,15636.0,media/71EE92E1-FC06-4912-8DC2-56559FAFA461.jpg
9462602073,"16 Jul 2023, 13:13:17",Morning Ride,Ride,"",3902,10.89,,,false,good ride,,activities/9462602073.gpx,,,3902.0,2234.0,10889.900390625,9.578027725219727,4.874619483947754,83.38697814941406,64.68699645996094,75.5,101.5999984741211,41.75205993652344,0.1717187464237213,,,,,,,,,,,,,,,,,,,,,,,0.0,,0.0,,1.0,,,,,,,,,,,,,,,,,,,,,,,,,,,0.0,2.790850877761841,21.5,,,,,media/F4790CCE-E9E6-485E-A68A-2CF571D4B784.mp4
9484375785,"19 Jul 2023, 22:28:57",Evening Run,Run,,2214,7.01,,,false,didnt want to go felt tired for 5 k. felt too good to stop at 5 ,,activities/9484375785.gpx,,,2214.0,2214.0,7017.77978515625,5.7920002937316895,3.169728994369507,17.676450729370117,15.976449966430664,75.9000015258789,83.80000305175781,4.971075057983398,0.024224186316132545,,,,,,,,,,,,,,,,,,,,,,,,,0.0,,1.0,7034.0,,,,,,,,,,,,,,,,,,,,,,,,,,0.0,3.169728994369507,1489.4000244140625,,,,5698.0,""
9496208990,"21 Jul 2023, 21:17:34",Afternoon Run,Run,"",2275,7.18,,,false,lung collapse at beginning but good after upper back hurts,,activities/9496208990.gpx,,,2275.0,2226.0,7186.60009765625,8.663281440734863,3.2284815311431885,19.931249618530273,19.231199264526367,78.0999984741211,98.30000305175781,5.960262298583984,0.00974034983664751,,,,,,,,,,,,,,,,,,,,,,,0.0,,0.0,,1.0,7207.2001953125,,,,,,,,,,,,,,,,,,,,,,,,,,0.0,3.158945083618164,0.0,,,,5816.0,""
9501471092,"22 Jul 2023, 15:00:56",Afternoon Run,Run,"",8238,21.20,,,false,str: 19.5 set pr on hm ur a legend - water + gatorade around halfway really helped,,activities/9501471092.gpx,,,8238.0,7512.0,21202.580078125,6.472499847412109,2.8224947452545166,40.140953063964844,40.64099884033203,77.19999694824219,94.0999984741211,5.780412197113037,-0.0023582035209983587,,,,,,,,,,,,,,,,,,,,,,,,,0.0,,1.0,21246.69921875,,,,,,,,,,,,,,,,,,,,,,,,,,0.0,2.5737533569335938,51.0,,,,19206.0,""
9509373956,"23 Jul 2023, 21:09:03",Evening Ride,Ride,"üé∑üêõ 29.0 new kilometers

-- From Wandrer.earth",6625,30.71,,,false,,,activities/9509373956.gpx,,,6625.0,6357.0,30714.83984375,13.117968559265137,4.831656455993652,122.85132598876953,124.35099792480469,78.80000305175781,154.0,7.357643127441406,-0.004883632995188236,,,,,,,,,,,,,,,,,,,,,,,0.0,,0.0,,1.0,,,,,,,,,,,,,,,,,,,,,,,,,,,0.0,4.636202335357666,33.29999923706055,,,,,media/C3AC647F-4340-4167-A43B-901DD1EDE01A.jpg|media/1624F1AF-F118-4414-9B02-5BE1EDBB3A82.jpg
9534297505,"27 Jul 2023, 21:46:29",Evening Hike,Hike,"üëè 3.85 new kilometers

-- From Wandrer.earth",3891,4.20,,,false,,,activities/9534297505.gpx,,,3891.0,3788.0,4200.6201171875,2.2920165061950684,1.1089282035827637,15.173795700073242,12.573800086975098,136.3000030517578,151.60000610351562,9.445133209228516,0.06189562380313873,,,,,,,,,,,,,,,,,,,,,,,0.0,,0.0,,1.0,,,,,,,,,,,,,,,,,,,,,,,,,,,0.0,1.079573392868042,3527.699951171875,,,,,media/B00C5314-5A75-480E-89DB-29B6C35D11ED.mp4
9534775040,"28 Jul 2023, 01:18:24",Night Run,Run,"„ÄÄüëç 2.52 new kilometers

-- From Wandrer.earth",1719,5.39,,,false,,,activities/9534775040.gpx,,,1719.0,1702.0,5395.35986328125,6.103991508483887,3.1700117588043213,14.559542655944824,14.259499549865723,81.69999694824219,90.5,6.888664722442627,0.005560333374887705,,,,,,,,,,,,,,,,,,,,,,,,,0.0,,1.0,5408.0,,,,,,,,,,,,,,,,,,,,,,,,,,0.0,3.1386618614196777,0.0,,,,4206.0,""
9539704955,"28 Jul 2023, 21:03:26",Evening Run,Run,"„ÄÄüëè 5.42 new kilometers

-- From Wandrer.earth",3469,10.01,,,false,,,activities/9539704955.gpx,,,3469.0,3352.0,10010.580078125,5.883333206176758,2.986449956893921,21.726722717285156,22.426700592041016,83.30000305175781,93.5,2.5509653091430664,-0.006992601789534092,,,,,,,,,,,,,,,,,,,,,,,,,0.0,,1.0,10025.0,,,,,,,,,,,,,,,,,,,,,,,,,,0.0,2.8857250213623047,0.0,,,,8384.0,""
9544959173,"29 Jul 2023, 13:45:31",Afternoon Hike,Hike,"",13153,11.43,,,false,,,activities/9544959173.gpx,,,13153.0,9416.0,11429.6396484375,3.498046875,1.2138530015945435,360.28594970703125,343.7860107421875,388.29998779296875,498.70001220703125,48.92669677734375,0.14436151087284088,,,,,,,,,,,,,,,,,,,,,,,0.0,,0.0,,1.0,,,,,,,,,,,,,,,,,,,,,,,,,,,0.0,0.8689758777618408,11429.599609375,,,,,media/25A4228F-8A53-41EC-A8D7-DE24E013CED0.jpg|media/4425B3B3-B5E4-4BE4-AC65-9E5AAA0009CF.jpg|media/C584D772-809D-4A62-9743-40518C3BA853.jpg|media/7C0D796B-7642-42CF-B42C-36A457460538.jpg
9550894151,"30 Jul 2023, 13:48:58",Lunch Run,Run,"üëè 11.53 new kilometers

-- From Wandrer.earth",7412,21.22,,,false,,,activities/9550894151.gpx,,,7412.0,6747.0,21219.6796875,8.315999031066895,3.1450541019439697,61.55576705932617,67.75579833984375,75.19999694824219,101.5999984741211,7.751703262329102,-0.0292181596159935,,,,,,,,,,,,,,,,,,,,,,,0.0,,0.0,,1.0,21268.099609375,,,,,,,,,,,,,,,,,,,,,,,,,,0.0,2.862881660461426,1243.5999755859375,,,,17168.0,media/3E2D9566-3427-47C1-A2FA-42E5F3BE5A5D.jpg|media/8CD5BAB0-9EBC-4C84-A067-9F969216AAFE.jpg|media/9E769006-D1EF-4E84-A5BF-59C63446B08E.jpg|media/7E258EB9-6EE1-4434-9564-76354FA1AD10.mp4
9565377468,"1 Aug 2023, 22:13:30",Evening Run,Run,"„ÄÄüëç 1.56 new kilometers

-- From Wandrer.earth",2080,6.51,,,false,,,activities/9565377468.gpx,,,2080.0,2036.0,6511.56005859375,5.52001953125,3.198212146759033,17.091951370239258,23.892000198364258,77.30000305175781,94.80000305175781,3.9698386192321777,-0.10442966222763062,,,,,,,,,,,,,,,,,,,,,,,,,0.0,,1.0,6516.7001953125,,,,,,,,,,,,,,,,,,,,,,,,,,0.0,3.1305577754974365,0.0,,,,5226.0,""
9578037897,"3 Aug 2023, 20:46:16",Evening Run,Run,"„ÄÄ1.52 new kilometers

-- From Wandrer.earth",4073,11.05,,,false,,,activities/9578037897.gpx,,,4073.0,3460.0,11053.9296875,11.91162109375,3.194777250289917,27.5700740814209,27.47010040283203,77.19999694824219,93.30000305175781,13.78041934967041,0.000904655666090548,,,,,,,,,,,,,,,,,,,,,,,0.0,,0.0,,1.0,11072.7998046875,,,,,,,,,,,,,,,,,,,,,,,,,,0.0,2.7139527797698975,152.10000610351562,,,,8866.0,media/52B58F35-3FEB-40FF-BD85-1F02231BEEB2.mp4|media/9518D1C7-CFEC-4B39-8554-00544F4392A2.jpg
9588979543,"5 Aug 2023, 15:42:49",Afternoon Run,Run,"„ÄÄüëè 6.21 new kilometers

-- From Wandrer.earth",4816,14.00,,,false,,,activities/9588979543.gpx,,,4816.0,4784.0,14006.5400390625,5.931992053985596,2.927788496017456,60.68186569213867,60.68190002441406,74.69999694824219,89.30000305175781,9.331536293029785,0.0,,,,,,,,,,,,,,,,,,,,,,,,,0.0,,1.0,14081.7001953125,,,,,,,,,,,,,,,,,,,,,,,,,,0.0,2.908334732055664,0.0,,,,12236.0,""
9602182822,"7 Aug 2023, 17:36:31",Afternoon Hike,Hike,"„ÄÄüëè 2.82 new kilometers

-- From Wandrer.earth",6964,5.56,,,false,,,activities/9602182822.gpx,,,6964.0,5076.0,5567.0498046875,4.007206916809082,1.0967395305633545,59.832035064697266,62.231998443603516,356.6000061035156,391.5,25.714284896850586,-0.04311080649495125,,,,,,,,,,,,,,,,,,,,,,,0.0,,0.0,,1.0,,,,,,,,,,,,,,,,,,,,,,,,,,,0.0,0.7994040250778198,3789.300048828125,,,,,media/54D645A1-75D1-4CC0-A0C2-1CAB73988380.jpg|media/325BEB13-D259-4094-ADAF-623E9FBE66EB.jpg|media/4C87AC5D-F977-4708-91E8-8696C69378B2.jpg|media/9762E094-2BD8-47EF-902E-A3F6BF49DB03.jpg|media/0FB4DCF3-328C-448B-AF5A-F5DC8FADD51B.jpg
9616963680,"10 Aug 2023, 00:49:58",Night Run,Run,"",2275,7.01,,,false,harder run after short break,,activities/9616963680.gpx,,,2275.0,2234.0,7014.22021484375,5.423999786376953,3.139758348464966,14.586334228515625,17.786300659179688,75.9000015258789,84.4000015258789,5.30903959274292,-0.045621607452631,,,,,,,,,,,,,,,,,,,,,,,0.0,,0.0,,1.0,7021.7001953125,,,,,,,,,,,,,,,,,,,,,,,,,,0.0,3.0831737518310547,1496.4000244140625,,,,5712.0,""
9623265461,"10 Aug 2023, 22:54:15",Evening Run,Run,"„ÄÄüëç 5.18 new kilometers

-- From Wandrer.earth",3740,11.50,,,false,,,activities/9623265461.gpx,,,3740.0,3740.0,11504.9404296875,7.108007907867432,3.0761873722076416,23.519365310668945,22.519399642944336,80.0999984741211,86.69999694824219,4.295001983642578,0.008691918104887009,,,,,,,,,,,,,,,,,,,,,,,,,0.0,,1.0,11532.5,,,,,,,,,,,,,,,,,,,,,,,,,,0.0,3.0761873722076416,0.0,,,,9414.0,""
9627440219,"11 Aug 2023, 16:02:18",Lunch Run,Run,"1.14 new kilometers

-- From Wandrer.earth",1965,6.30,,,false,,,activities/9627440219.gpx,,,1965.0,1958.0,6301.7001953125,6.473925590515137,3.2184371948242188,17.909461975097656,20.109500885009766,77.19999694824219,94.80000305175781,5.210533142089844,-0.03491121158003807,,,,,,,,,,,,,,,,,,,,,,,0.0,,0.0,,1.0,6315.2001953125,,,,,,,,,,,,,,,,,,,,,,,,,,0.0,3.206972122192383,91.0999984741211,,,,5130.0,media/7CC5FC6C-D334-49FC-9EC2-0FC31977A403.jpg
9641365513,"13 Aug 2023, 16:52:46",Afternoon Hike,Hike,"„ÄÄüëè 4.23 new kilometers

-- From Wandrer.earth",3870,4.78,,,false,,,activities/9641365513.gpx,,,3870.0,3443.0,4785.22021484375,4.577978610992432,1.3898403644561768,47.98722839355469,50.787200927734375,236.8000030517578,260.0,33.962890625,-0.05851350352168083,,,,,,,,,,,,,,,,,,,,,,,,,0.0,,1.0,,,,,,,,,,,,,,,,,,,,,,,,,,,0.0,1.2364909648895264,2327.199951171875,,,,,""
9648407286,"14 Aug 2023, 20:52:42",Evening Run,Run,"„ÄÄüëè 6.1 new kilometers

-- From Wandrer.earth",4215,12.60,,,false,,,activities/9648407286.gpx,,,4215.0,4156.0,12607.7001953125,5.891992092132568,3.033614158630371,30.653059005737305,30.153099060058594,82.30000305175781,100.19999694824219,6.158472537994385,0.003965830430388451,,,,,,,,,,,,,,,,,,,,,,,,,0.0,,1.0,12635.2001953125,,,,,,,,,,,,,,,,,,,,,,,,,,0.0,2.9911506175994873,54.0,,,,10594.0,""
9663151821,"17 Aug 2023, 00:36:17",Night Run,Run,"„ÄÄüëç 2.03 new kilometers

-- From Wandrer.earth",2524,7.93,,,false,,,activities/9663151821.gpx,,,2524.0,2517.0,7932.5,6.779980659484863,3.151569366455078,10.60873031616211,18.20870018005371,77.19999694824219,95.69999694824219,10.558256149291992,-0.09580838680267334,,,,,,,,,,,,,,,,,,,,,,,,,0.0,,1.0,7933.5,,,,,,,,,,,,,,,,,,,,,,,,,,0.0,3.142828941345215,0.0,,,,6448.0,""
9674895776,"18 Aug 2023, 19:31:21",Afternoon Run,Run,"üé∑üêõ 13.44 new kilometers

-- From Wandrer.earth",8291,24.01,,,false,phone died - listening to david on rogan #2 still hard run,,activities/9674895776.gpx,,,8291.0,8237.0,24015.140625,10.298047065734863,2.915520191192627,106.49258422851562,65.99299621582031,180.5,229.8000030517578,7.313995361328125,0.16864360868930817,,,,,,,,,,,,,,,,,,,,,,,0.0,,0.0,,1.0,24177.0,,,,,,,,,,,,,,,,,,,,,,,,,,0.0,2.896531343460083,16776.099609375,,,,20354.0,media/FC65BDEF-95BA-4DC8-B9BA-52D2DB77B3B7.jpg|media/AAC30275-404C-4E74-A020-328C2C184B2A.jpg|media/FF3554D9-D5E4-4219-8327-20DAD4394816.jpg|media/0E10B25F-EC33-46C3-8DAF-8BF9E47E0B71.jpg|media/354D7A36-AAE1-4838-A78C-489219EEABC9.jpg|media/87B46B1B-03A1-4208-997E-1916077138FD.jpg|media/93875A6A-CD3A-4F0D-BA73-DAE82B889406.jpg
9688724774,"20 Aug 2023, 20:46:43",Evening Hike,Hike,"üëè 2.79 new kilometers

-- From Wandrer.earth",7649,4.00,,,false,,,activities/9688724774.gpx,,,7649.0,3347.0,4001.429931640625,3.993333101272583,1.1955273151397705,45.560970306396484,45.56100082397461,188.1999969482422,208.5,27.13661003112793,0.0,,,,,,,,,,,,,,,,,,,,,,,0.0,,0.0,,1.0,,,,,,,,,,,,,,,,,,,,,,,,,,,0.0,0.5231311321258545,0.0,,,,,media/25CBD93C-F019-413F-9283-21789B35B5B0.jpg|media/F48219AC-7E90-4120-A287-C65B05A83EEC.jpg|media/FE39BFA8-0353-43CA-BE44-9E56E8DDB0B9.jpg
9695131270,"21 Aug 2023, 22:12:15",Evening Hike,Hike,"üëè 3.37 new kilometers

-- From Wandrer.earth",7442,3.37,,,false,,,activities/9695131270.gpx,,,7442.0,3169.0,3374.97998046875,3.314664602279663,1.0649983882904053,96.16768646240234,95.3676986694336,193.0,229.0,27.953840255737305,0.023703845217823982,,,,,,,,,,,,,,,,,,,,,,,0.0,,0.0,,1.0,,,,,,,,,,,,,,,,,,,,,,,,,,,0.0,0.45350444316864014,3375.0,,,,,media/75310A18-A169-43DA-9BEB-FF594E134B45.jpg|media/09BEDDA2-D7E2-4095-8CF5-F061670296A9.jpg|media/C1F30EDA-06A6-4F6B-85CD-0C60EB119735.jpg|media/126AEA4B-4EEC-4E7A-8E70-26EE00DEBD08.jpg
9701766480,"22 Aug 2023, 11:31:14",Morning Hike,Hike,"„ÄÄüëè 0.96 new kilometers

-- From Wandrer.earth",1823,1.03,,,false,,,activities/9701766480.gpx,,,1823.0,1094.0,1030.1099853515625,2.2940001487731934,0.9415996074676514,18.99422264099121,13.894200325012207,177.5,193.60000610351562,17.716581344604492,0.4950927495956421,,,,,,,,,,,,,,,,,,,,,,,,,0.0,,1.0,,,,,,,,,,,,,,,,,,,,,,,,,,,0.0,0.5650630593299866,1030.0999755859375,,,,,""
9715238759,"24 Aug 2023, 23:35:31",Evening Run,Run,"",648,2.02,,,false,passed out,,activities/9715238759.gpx,,,648.0,648.0,2026.3800048828125,4.784002780914307,3.127129554748535,17.915557861328125,6.615600109100342,84.5999984741211,95.9000015258789,18.5972900390625,0.5576446652412415,,,,,,,,,,,,,,,,,,,,,,,0.0,,0.0,,1.0,2076.199951171875,,,,,,,,,,,,,,,,,,,,,,,,,,0.0,3.127129554748535,0.0,,,,1608.0,""
9725381882,"26 Aug 2023, 15:09:10",Lunch Run,Run,,3554,7.04,,,false,,,activities/9725381882.gpx,,,3554.0,2528.0,7043.39990234375,8.976025581359863,2.7861549854278564,16.05497169494629,15.6549711227417,75.9000015258789,82.0,8.341026306152344,0.0056790756061673164,,,,,,,,,,,,,,,,,,,,,,,,,0.0,,1.0,7056.10009765625,,,,,,,,,,,,,,,,,,,,,,,,,,0.0,1.9818233251571655,1488.0999755859375,,,,6530.0,""
9739423012,"28 Aug 2023, 21:33:10",Evening Run,Run,,3470,8.05,,,false,,,activities/9739423012.gpx,,,3470.0,2695.0,8052.97021484375,4.870019435882568,2.988115072250366,23.164447784423828,22.464447021484375,84.0,94.80000305175781,3.3250210285186768,0.008692445233464241,,,,,,,,,,,,,,,,,,,,,,,,,0.0,,1.0,8071.89990234375,,,,,,,,,,,,,,,,,,,,,,,,,,0.0,2.3207406997680664,0.0,,,,6778.0,""
9758845520,"31 Aug 2023, 21:39:38",Evening Run,Run,,4349,12.00,,,false,,,activities/9758845520.gpx,,,4349.0,4349.0,12007.4404296875,0.0,2.7609658241271973,0.0,0.0,0.0,0.0,0.0,0.0,,,,,,,,,,,,,,,,,,,,,,,,,0.0,,1.0,,,,,,,,,,,,,,,,,,,,,,,,,,,0.0,2.7609658241271973,0.0,,,,10084.0,""
9771402332,"31 Aug 2023, 21:39:39",Evening Run,Run,"„ÄÄüëç 5.32 new kilometers

-- From Wandrer.earth",176752,12.00,,,false,,,activities/9771402332.gpx,,,176752.0,3943.0,12007.4404296875,4.772000312805176,3.045254945755005,32.33803176879883,32.53799819946289,82.30000305175781,98.5,19.908864974975586,-0.0016656338702887297,,,,,,,,,,,,,,,,,,,,,,,,,0.0,,1.0,12038.2001953125,,,,,,,,,,,,,,,,,,,,,,,,,,0.0,0.0679338276386261,0.0,,,,7658.0,""
9788970563,"4 Sep 2023, 17:28:47",Afternoon Run,Run,"„ÄÄüé∑üêõ 8.82 new kilometers

-- From Wandrer.earth",4064,9.00,,,false,,,activities/9788970563.gpx,,,4064.0,2873.0,9000.75,5.808007717132568,3.1328749656677246,46.7718505859375,50.27190017700195,319.20001220703125,341.5,9.927474975585938,-0.03888564929366112,,,,,,,,,,,,,,,,,,,,,,,,,0.0,,1.0,9064.900390625,,,,,,,,,,,,,,,,,,,,,,,,,,0.0,2.2147514820098877,2236.39990234375,,,,7342.0,""
9795261441,"6 Sep 2023, 12:05:55",Morning Run,Run,"„ÄÄüé∑üêõ 8.22 new kilometers

-- From Wandrer.earth",3456,10.05,,,false,,,activities/9795261441.gpx,,,3456.0,3193.0,10050.490234375,9.407958984375,3.1476638317108154,66.60437774658203,64.50440216064453,325.8999938964844,356.5,6.788341045379639,0.020894503220915794,,,,,,,,,,,,,,,,,,,,,,,,,0.0,,1.0,10131.0,,,,,,,,,,,,,,,,,,,,,,,,,,0.0,2.908128023147583,1929.9000244140625,,,,8006.0,""
9811341481,"8 Sep 2023, 23:33:56",Night Run,Run,"„ÄÄüí™ 11.66 new kilometers

-- From Wandrer.earth",5680,15.69,,,false,,,activities/9811341481.gpx,,,5680.0,5331.0,15698.16015625,5.567968845367432,2.9446933269500732,89.71800231933594,83.11799621582031,326.0,356.5,9.429097175598145,0.04204314202070236,,,,,,,,,,,,,,,,,,,,,,,,,0.0,,1.0,15821.0,,,,,,,,,,,,,,,,,,,,,,,,,,0.0,2.763760566711426,634.4000244140625,,,,13726.0,""
9822550567,"10 Sep 2023, 13:09:04",Lunch Run,Run,"„ÄÄüé∑üêõ 19.36 new kilometers
üèò Completed 25% of Uptown North
-- From Wandrer.earth",7422,21.16,,,false,,,activities/9822550567.gpx,,,7422.0,7012.0,21168.51953125,6.564062595367432,3.0188989639282227,179.1590576171875,179.45899963378906,276.8999938964844,348.6000061035156,13.766083717346191,-0.0014171988004818559,,,,,,,,,,,,,,,,,,,,,,,,,0.0,,1.0,21514.900390625,,,,,,,,,,,,,,,,,,,,,,,,,,0.0,2.8521313667297363,4925.39990234375,,,,,""
9841066589,"13 Sep 2023, 12:44:14",Morning Run,Run,"„ÄÄüëè 3.92 new kilometers
üèò Completed 50% of Uptown North
-- From Wandrer.earth",1625,5.15,,,false,,,activities/9841066589.gpx,,,1625.0,1625.0,5155.43994140625,4.974000453948975,3.1725783348083496,23.782421112060547,24.082399368286133,320.5,330.1000061035156,5.651798725128174,-0.005819096229970455,,,,,,,,,,,,,,,,,,,,,,,,,0.0,,1.0,5180.5,,,,,,,,,,,,,,,,,,,,,,,,,,0.0,3.1725783348083496,3.5,,,,4202.0,""
9844923730,"14 Sep 2023, 00:26:58",Night Run,Run,"„ÄÄüëç 3.22 new kilometers

-- From Wandrer.earth",2619,8.10,,,false,,,activities/9844923730.gpx,,,2619.0,2560.0,8107.759765625,5.25,3.1670937538146973,54.670738220214844,50.570701599121094,324.5,338.5,9.861077308654785,0.050568837672472,,,,,,,,,,,,,,,,,,,,,,,,,0.0,,1.0,8195.900390625,,,,,,,,,,,,,,,,,,,,,,,,,,0.0,3.0957462787628174,1511.0999755859375,,,,6528.0,""
9870989381,"17 Sep 2023, 22:02:52",Night Run,Run,"„ÄÄüí™ 20.27 new kilometers
üèò Completed 25% of Mary Allen
üèò Completed 50% of Mac Gregor Albert
üèò Completed 75% of Uptown North
-- From Wandrer.earth",11538,30.01,,,false,"hard run after 22 kms, new shoes felt really good until half",,activities/9870989381.gpx,,,11538.0,10702.0,30009.609375,6.042187690734863,2.804112195968628,162.36619567871094,161.96600341796875,318.79998779296875,343.8999938964844,15.09990406036377,0.0013329064240679145,,,,,,,,,,,,,,,,,,,,,,,,,0.0,,1.0,30184.400390625,,,,,,,,,,,,,,,,,,,,,,,,,,0.0,2.6009368896484375,2393.39990234375,,,,26800.0,""
9901424272,"22 Sep 2023, 21:17:03",Afternoon Run,Run,"„ÄÄ1.59 new kilometers

-- From Wandrer.earth",3090,10.00,,,false,,,activities/9901424272.gpx,,,3090.0,3090.0,10008.4404296875,9.045995712280273,3.2389774322509766,27.15774154663086,23.35770034790039,77.19999694824219,94.9000015258789,5.39246940612793,0.03796795383095741,,,,,,,,,,,,,,,,,,,,,,,,,0.0,,1.0,10034.0,,,,,,,,,,,,,,,,,,,,,,,,,,0.0,3.2389774322509766,75.80000305175781,,,,,""
9950296920,"30 Sep 2023, 13:59:06",Lunch Run,Run,"üëè 7.95 new kilometers

-- From Wandrer.earth",6965,15.02,,,false,good run but didnt feel that good - first run in a while heart felt overworkwd,,activities/9950296920.gpx,,,6965.0,5063.0,15025.6796875,6.340039253234863,2.967742443084717,87.81280517578125,78.61280059814453,324.5,355.1000061035156,36.584495544433594,0.06122850999236107,,,,,,,,,,,,,,,,,,,,,,,0.0,,0.0,,1.0,15166.900390625,,,,,,,,,,,,,,,,,,,,,,,,,,0.0,2.1573121547698975,4350.7998046875,,,,12758.0,media/836DD883-68A8-4FC1-A598-959919D6A97D.mp4|media/D0F483FE-D223-40C5-8284-B0F645504163.jpg
