Follower Athlete ID,Follow Status,Created At
12571946,Accepted,"11 May 2023, 23:07:10"
117847737,Accepted,"20 May 2023, 20:09:40"
118505037,Accepted,"25 May 2023, 22:17:25"
77616225,Accepted,"31 May 2023, 11:32:24"
40174791,Accepted,"3 Jun 2023, 22:52:26"
119369134,Accepted,"11 Jun 2023, 12:51:06"
66230935,Accepted,"22 Jun 2023, 17:30:39"
97595576,Accepted,"22 Jun 2023, 20:12:40"
58082215,Accepted,"24 Jun 2023, 01:49:47"
58183888,Accepted,"25 Jun 2023, 23:20:50"
117962720,Accepted,"7 Aug 2023, 22:53:40"
49983721,Accepted,"29 Aug 2023, 18:22:09"
124562876,Accepted,"23 Sep 2023, 00:12:29"
