Following Athlete ID,Follow Status,Created At
12571946,Accepted,"11 May 2023, 22:42:50"
117847737,Accepted,"20 May 2023, 20:09:50"
118505037,Accepted,"25 May 2023, 22:18:26"
77616225,Accepted,"31 May 2023, 12:28:55"
40174791,Accepted,"3 Jun 2023, 22:49:45"
119369134,Accepted,"11 Jun 2023, 17:41:27"
66230935,Accepted,"22 Jun 2023, 17:29:46"
97595576,Accepted,"22 Jun 2023, 20:13:02"
58082215,Accepted,"24 Jun 2023, 01:50:23"
58183888,Accepted,"25 Jun 2023, 23:29:02"
117962720,Accepted,"9 Jul 2023, 16:11:30"
49983721,Accepted,"29 Aug 2023, 18:18:52"
124562876,Accepted,"23 Sep 2023, 00:12:51"
