Media Filename,Media Caption
media/D0F483FE-D223-40C5-8284-B0F645504163.jpg,""
media/836DD883-68A8-4FC1-A598-959919D6A97D.mp4,""
media/126AEA4B-4EEC-4E7A-8E70-26EE00DEBD08.jpg,""
media/C1F30EDA-06A6-4F6B-85CD-0C60EB119735.jpg,""
media/09BEDDA2-D7E2-4095-8CF5-F061670296A9.jpg,""
media/75310A18-A169-43DA-9BEB-FF594E134B45.jpg,""
media/FE39BFA8-0353-43CA-BE44-9E56E8DDB0B9.jpg,""
media/F48219AC-7E90-4120-A287-C65B05A83EEC.jpg,""
media/25CBD93C-F019-413F-9283-21789B35B5B0.jpg,""
media/93875A6A-CD3A-4F0D-BA73-DAE82B889406.jpg,""
media/87B46B1B-03A1-4208-997E-1916077138FD.jpg,""
media/354D7A36-AAE1-4838-A78C-489219EEABC9.jpg,""
media/0E10B25F-EC33-46C3-8DAF-8BF9E47E0B71.jpg,""
media/FF3554D9-D5E4-4219-8327-20DAD4394816.jpg,""
media/AAC30275-404C-4E74-A020-328C2C184B2A.jpg,""
media/FC65BDEF-95BA-4DC8-B9BA-52D2DB77B3B7.jpg,""
media/7CC5FC6C-D334-49FC-9EC2-0FC31977A403.jpg,""
media/0FB4DCF3-328C-448B-AF5A-F5DC8FADD51B.jpg,""
media/9762E094-2BD8-47EF-902E-A3F6BF49DB03.jpg,""
media/4C87AC5D-F977-4708-91E8-8696C69378B2.jpg,""
media/325BEB13-D259-4094-ADAF-623E9FBE66EB.jpg,""
media/54D645A1-75D1-4CC0-A0C2-1CAB73988380.jpg,""
media/9518D1C7-CFEC-4B39-8554-00544F4392A2.jpg,""
media/52B58F35-3FEB-40FF-BD85-1F02231BEEB2.mp4,""
media/7E258EB9-6EE1-4434-9564-76354FA1AD10.mp4,""
media/9E769006-D1EF-4E84-A5BF-59C63446B08E.jpg,""
media/8CD5BAB0-9EBC-4C84-A067-9F969216AAFE.jpg,""
media/3E2D9566-3427-47C1-A2FA-42E5F3BE5A5D.jpg,""
media/7C0D796B-7642-42CF-B42C-36A457460538.jpg,""
media/C584D772-809D-4A62-9743-40518C3BA853.jpg,""
media/4425B3B3-B5E4-4BE4-AC65-9E5AAA0009CF.jpg,""
media/25A4228F-8A53-41EC-A8D7-DE24E013CED0.jpg,""
media/B00C5314-5A75-480E-89DB-29B6C35D11ED.mp4,""
media/C3AC647F-4340-4167-A43B-901DD1EDE01A.jpg,""
media/1624F1AF-F118-4414-9B02-5BE1EDBB3A82.jpg,""
media/F4790CCE-E9E6-485E-A68A-2CF571D4B784.mp4,""
media/71EE92E1-FC06-4912-8DC2-56559FAFA461.jpg,""
media/2B4BBE97-AEDE-4900-8AD9-500F45189F99.jpg,""
media/21DB43CC-A0E7-45E2-8320-74FA51B6763A.jpg,""
media/5D508119-0FCA-4D36-8EC1-4D08368DD628.jpg,""
media/C24BF5F9-CC08-403C-AA09-470AB316D0E3.mp4,""
media/1BABFBDD-F70E-4984-A3CA-EDB4B8C25351.jpg,""
media/0566D113-D472-4C52-98D6-CC89D2A12A90.jpg,""
media/565FA73A-5B7B-4349-A533-32444DFD779B.mp4,""
media/A211B8F1-35E1-4BCC-87C6-F44B977A2A3F.jpg,""
media/7AEF544E-603A-492E-8B6D-9281BC7708DA.jpg,""
media/BC12F697-83F0-4B25-A25E-6853C73C4A9D.mp4,""
media/FB3A3C9F-3D44-4F45-8193-FD3C02D6C633.jpg,""
media/80018D44-8316-4553-9E67-0A05E6DEFCB7.jpg,""
media/894BE05D-FD00-4979-9111-902BEFA35677.jpg,""
media/74BEA791-4743-4F36-A35B-DE68F57C3CCE.jpg,""
media/5945315C-ADAF-4B89-A6F6-35153D704D79.jpg,""
media/35EC3DDA-D024-40D7-BC6A-6BA9E69BD92C.jpg,""
media/D7842342-D812-42F3-9663-B03CAAE1A452.jpg,""
media/BCA8A8A8-D8ED-4265-8F25-2C7F5F8920F9.jpg,""
media/D9F26C8E-3CB2-495F-B905-D750275B9EB8.mp4,""
media/0EDCD638-1B4B-446D-A5BC-21F69FDAB9FF.jpg,""
media/E3272B71-8478-4ED9-99AD-0AEBAF4CFD38.jpg,""
media/EA687078-8D4D-4D33-B357-2BB19B0F0876.jpg,""
media/5432CE0F-0377-4C57-B11F-86055C6482D1.jpg,""
media/99124485-568E-4BE7-A258-3473E817C5D1.jpg,""
media/F8461EFD-125C-412B-8BDA-12F80C43A59C.jpg,""
media/01178CCF-6800-4B84-B196-95A21063FEA8.mp4,""
media/42DDB32D-D2B7-4AF0-940E-923280A74A5D.mp4,""
