Promotion Seen,Timestamp
FeedFollowOptionCoachmark,1684543592
GapActivityDetailUpsell,1684592435
GapActivityDetailUpsell,1684592587
GapActivityDetailUpsell,1684808345
GapActivityDetailUpsell,1685558884
GapActivityDetailUpsell,1687621944
GapActivityDetailUpsell,1687621962
EvergreenStatsShareFeatureEd,1685973552
ActivityDetailsLeaderboardQualityCoachmark,1688690687
ActivityDetailsLeaderboardQualityCoachmark,1688690699
RecordScreenBeaconCoachmark,1684543600
MapSettingsPersonalHeatmapCoachmark,1684592299
MapSettingsButtonPersonalHeatmapFeatureEd,1684592324
MapVisibilityFeedCoachmarkImpression,1684545296
MapVisibilityFeedCoachmarkImpression,1684545300
MapVisibilityFeedCoachmarkImpression,1684592262
MapVisibilityFeedCoachmarkOrModalDismissed,1684592357
MapVisibilityRowReinforcementImpression,1684968018
MapVisibilityRowReinforcementImpression,1685055846
MapVisibilityRowReinforcementImpression,1685055848
MapVisibilityRowReinforcementImpression,1685055860
MapVisibilityRowReinforcementImpression,1685055863
MapVisibilityRowReinforcementImpression,1685210922
MapVisibilityActivityCoachmarkImpression,1684592397
MapVisibilityActivityCoachmarkDismissed,1684592401
WelcomeBackKudosCoachmarkImpression,1689122748
WelcomeBackKudosCoachmarkImpression,1689197149
WelcomeBackKudosCoachmarkImpression,1689200193
WelcomeBackKudosCoachmarkImpression,1689212316
WelcomeBackKudosCoachmarkImpression,1689284353
WelcomeBackKudosCoachmarkImpression,1689287517
WelcomeBackKudosCoachmarkImpression,1689338179
WelcomeBackKudosCoachmarkImpression,1689437314
WelcomeBackKudosCoachmarkImpression,1689456765
WelcomeBackKudosCoachmarkImpression,1689456774
WelcomeBackKudosCoachmarkImpression,1689524071
WelcomeBackKudosCoachmarkImpression,1689549640
WelcomeBackKudosCoachmarkImpression,1689549644
WelcomeBackKudosCoachmarkImpression,1689612374
WelcomeBackKudosCoachmarkImpression,1690737020
WelcomeBackKudosCoachmarkImpression,1690902254
WelcomeBackKudosCoachmarkImpression,1691448749
WelcomeBackKudosCoachmarkImpression,1692380597
WelcomeBackKudosCoachmarkImpression,1693929344
WelcomeBackKudosCoachmarkImpression,1693929345
WelcomeBackKudosCoachmarkImpression,1693929348
WelcomeBackKudosCoachmarkImpression,1694037755
WelcomeBackKudosCoachmarkImpression,1694056066
WelcomeBackKudosCoachmarkImpression,1694215947
WelcomeBackKudosCoachmarkImpression,1694222162
WelcomeBackKudosCoachmarkImpression,1694222168
WelcomeBackKudosCoachmarkImpression,1694348903
WelcomeBackKudosCoachmarkImpression,1694357818
WelcomeBackKudosCoachmarkImpression,1694358779
WelcomeBackKudosCoachmarkImpression,1694455721
WelcomeBackKudosCoachmarkImpression,1694470147
WelcomeBackKudosCoachmarkImpression,1694530798
WelcomeBackKudosCoachmarkImpression,1694609047
WelcomeBackKudosCoachmarkImpression,1694610934
WelcomeBackKudosCoachmarkImpression,1696509703
RouteFromActivityMoreOptionsButtonCoachmark,1684254749
RouteFromActivitySaveButtonCoachmark,1684545325
MapVisibilitySettingCogCoachmark,1684613760
MapVisibilityNewLabelCoachmark,1687123791
MapVisibilitySettingRowCoachmark,1687123792
WinbackNotificationSeen,1689122723
WinbackNotificationSeen,1690735604
WinbackNotificationSeen,1691448563
WinbackNotificationSeen,1692380255
WinbackNotificationSeen,1693834061
WinbackNotificationSeen,1696475564
MentionsSettingCogCoachmark,1684613760
MentionsNewLabelCoachmark,1687123791
MentionsSettingRowCoachmark,1687477615
MapsTabDirtSports,1684592299
MapsTabDirtFirstTimeExperienceFree,1684592299
OfflineMapsFirstTimeExperience,1684592300
FollowModeCoachmark,1684543600
WebMediaUploaderFeatureEd,1684615327
WebMediaUploaderFeatureEd,1685808477
WebMediaUploaderFeatureEd,1686005442
WebMediaUploaderFeatureEd,1686347908
WebMediaUploaderFeatureEd,1690050803
WebMediaUploaderFeatureEd,1695051368
WebMediaUploaderFeatureEd2,1684613042
WebMediaUploaderFeatureEd2,1684615307
WebMediaUploaderFeatureEd2,1684615362
WebMediaUploaderFeatureEd2,1684861539
FollowingFeedDoradoCooldownSix,1683840220
FollowingFeedDoradoCooldownSix,1683840221
FollowingFeedDoradoCooldownSix,1683844967
FollowingFeedDoradoCooldownSix,1683857282
FollowingFeedDoradoCooldownSix,1683857283
FollowingFeedDoradoCooldownSix,1683857411
FollowingFeedDoradoCooldownSix,1684035817
FollowingFeedDoradoCooldownSix,1684035818
FollowingFeedDoradoCooldownSix,1684110876
FollowingFeedDoradoCooldownSix,1684110877
FollowingFeedDoradoCooldownSix,1684254682
FollowingFeedDoradoCooldownSix,1684254683
FollowingFeedDoradoCooldownSix,1684543592
FollowingFeedDoradoCooldownSix,1684545296
FollowingFeedDoradoCooldownSix,1684545297
FollowingFeedDoradoCooldownSix,1684545299
FollowingFeedDoradoCooldownSix,1684545300
FollowingFeedDoradoCooldownSix,1684592261
FollowingFeedDoradoCooldownSix,1684800714
FollowingFeedDoradoCooldownSix,1684800715
FollowingFeedDoradoCooldownSix,1684802615
FollowingFeedDoradoCooldownSix,1684802616
FollowingFeedDoradoCooldownSix,1684802619
FollowingFeedDoradoCooldownSix,1684802620
FollowingFeedDoradoCooldownSix,1684889057
FollowingFeedDoradoCooldownSix,1684889058
FollowingFeedDoradoCooldownSix,1684889063
FollowingFeedDoradoCooldownSix,1684889064
FollowingFeedDoradoCooldownSix,1684964269
FollowingFeedDoradoCooldownSix,1684964270
FollowingFeedDoradoCooldownSix,1684976497
FollowingFeedDoradoCooldownSix,1685014903
FollowingFeedDoradoCooldownSix,1685014904
FollowingFeedDoradoCooldownSix,1685037569
FollowingFeedDoradoCooldownSix,1685053092
FollowingFeedDoradoCooldownSix,1685053093
FollowingFeedDoradoCooldownSix,1685204447
FollowingFeedDoradoCooldownSix,1685204448
FollowingFeedDoradoCooldownSix,1685210923
FollowingFeedDoradoCooldownSix,1685210924
FollowingFeedDoradoCooldownSix,1685210933
FollowingFeedDoradoCooldownSix,1685210934
FollowingFeedDoradoCooldownSix,1685401753
FollowingFeedDoradoCooldownSix,1685401755
FollowingFeedDoradoCooldownSix,1685401756
FollowingFeedDoradoCooldownSix,1685401759
FollowingFeedDoradoCooldownSix,1685479937
FollowingFeedDoradoCooldownSix,1685479991
FollowingFeedDoradoCooldownSix,1685543585
FollowingFeedDoradoCooldownSix,1685543586
FollowingFeedDoradoCooldownSix,1685548596
FollowingFeedDoradoCooldownSix,1685548598
FollowingFeedDoradoCooldownSix,1685569386
FollowingFeedDoradoCooldownSix,1685569387
FollowingFeedDoradoCooldownSix,1685645993
FollowingFeedDoradoCooldownSix,1685649769
FollowingFeedDoradoCooldownSix,1685649770
FollowingFeedDoradoCooldownSix,1685655354
FollowingFeedDoradoCooldownSix,1685656760
FollowingFeedDoradoCooldownSix,1685656761
FollowingFeedDoradoCooldownSix,1685737448
FollowingFeedDoradoCooldownSix,1685744053
FollowingFeedDoradoCooldownSix,1685744055
FollowingFeedDoradoCooldownSix,1685748647
FollowingFeedDoradoCooldownSix,1685748648
FollowingFeedDoradoCooldownSix,1685748654
FollowingFeedDoradoCooldownSix,1685832479
FollowingFeedDoradoCooldownSix,1685833211
FollowingFeedDoradoCooldownSix,1685833213
FollowingFeedDoradoCooldownSix,1685838213
FollowingFeedDoradoCooldownSix,1685973551
FollowingFeedDoradoCooldownSix,1685973552
FollowingFeedDoradoCooldownSix,1685973584
FollowingFeedDoradoCooldownSix,1685973585
FollowingFeedDoradoCooldownSix,1686000395
FollowingFeedDoradoCooldownSix,1686000396
FollowingFeedDoradoCooldownSix,1686092353
FollowingFeedDoradoCooldownSix,1686092489
FollowingFeedDoradoCooldownSix,1686092490
FollowingFeedDoradoCooldownSix,1686228057
FollowingFeedDoradoCooldownSix,1686228058
FollowingFeedDoradoCooldownSix,1686240921
FollowingFeedDoradoCooldownSix,1686240922
FollowingFeedDoradoCooldownSix,1686242196
FollowingFeedDoradoCooldownSix,1686242197
FollowingFeedDoradoCooldownSix,1686344354
FollowingFeedDoradoCooldownSix,1686344355
FollowingFeedDoradoCooldownSix,1686345173
FollowingFeedDoradoCooldownSix,1686345175
FollowingFeedDoradoCooldownSix,1686347633
FollowingFeedDoradoCooldownSix,1686347634
FollowingFeedDoradoCooldownSix,1686489334
FollowingFeedDoradoCooldownSix,1686489335
FollowingFeedDoradoCooldownSix,1686492890
FollowingFeedDoradoCooldownSix,1686492891
FollowingFeedDoradoCooldownSix,1686492894
FollowingFeedDoradoCooldownSix,1686492895
FollowingFeedDoradoCooldownSix,1686581341
FollowingFeedDoradoCooldownSix,1686581342
FollowingFeedDoradoCooldownSix,1686665743
FollowingFeedDoradoCooldownSix,1686665744
FollowingFeedDoradoCooldownSix,1686677533
FollowingFeedDoradoCooldownSix,1686677534
FollowingFeedDoradoCooldownSix,1686701295
FollowingFeedDoradoCooldownSix,1686701296
FollowingFeedDoradoCooldownSix,1686754646
FollowingFeedDoradoCooldownSix,1686754647
FollowingFeedDoradoCooldownSix,1686861544
FollowingFeedDoradoCooldownSix,1686861545
FollowingFeedDoradoCooldownSix,1686863112
FollowingFeedDoradoCooldownSix,1686863113
FollowingFeedDoradoCooldownSix,1686863115
FollowingFeedDoradoCooldownSix,1686863116
FollowingFeedDoradoCooldownSix,1686949311
FollowingFeedDoradoCooldownSix,1686949312
FollowingFeedDoradoCooldownSix,1686951084
FollowingFeedDoradoCooldownSix,1686951087
FollowingFeedDoradoCooldownSix,1686951088
FollowingFeedDoradoCooldownSix,1687052877
FollowingFeedDoradoCooldownSix,1687095844
FollowingFeedDoradoCooldownSix,1687099622
FollowingFeedDoradoCooldownSix,1687099623
FollowingFeedDoradoCooldownSix,1687104027
FollowingFeedDoradoCooldownSix,1687104028
FollowingFeedDoradoCooldownSix,1687260030
FollowingFeedDoradoCooldownSix,1687260031
FollowingFeedDoradoCooldownSix,1687366328
FollowingFeedDoradoCooldownSix,1687366329
FollowingFeedDoradoCooldownSix,1687454966
FollowingFeedDoradoCooldownSix,1687454967
FollowingFeedDoradoCooldownSix,1687455343
FollowingFeedDoradoCooldownSix,1687455344
FollowingFeedDoradoCooldownSix,1687455389
FollowingFeedDoradoCooldownSix,1687457873
FollowingFeedDoradoCooldownSix,1687564288
FollowingFeedDoradoCooldownSix,1687565408
FollowingFeedDoradoCooldownSix,1687615188
FollowingFeedDoradoCooldownSix,1687615198
FollowingFeedDoradoCooldownSix,1687618041
FollowingFeedDoradoCooldownSix,1687618042
FollowingFeedDoradoCooldownSix,1687707071
FollowingFeedDoradoCooldownSix,1687707072
FollowingFeedDoradoCooldownSix,1687712789
FollowingFeedDoradoCooldownSix,1687712790
FollowingFeedDoradoCooldownSix,1687717920
FollowingFeedDoradoCooldownSix,1687717921
FollowingFeedDoradoCooldownSix,1687806550
FollowingFeedDoradoCooldownSix,1687806551
FollowingFeedDoradoCooldownSix,1687813140
FollowingFeedDoradoCooldownSix,1687876943
FollowingFeedDoradoCooldownSix,1687876944
FollowingFeedDoradoCooldownSix,1687877337
FollowingFeedDoradoCooldownSix,1688076132
FollowingFeedDoradoCooldownSix,1688076133
FollowingFeedDoradoCooldownSix,1688076136
FollowingFeedDoradoCooldownSix,1688076137
FollowingFeedDoradoCooldownSix,1688090914
FollowingFeedDoradoCooldownSix,1688090920
FollowingFeedDoradoCooldownSix,1688347972
FollowingFeedDoradoCooldownSix,1688347973
FollowingFeedDoradoCooldownSix,1688398634
FollowingFeedDoradoCooldownSix,1688398635
FollowingFeedDoradoCooldownSix,1688398638
FollowingFeedDoradoCooldownSix,1688398639
FollowingFeedDoradoCooldownSix,1688481687
FollowingFeedDoradoCooldownSix,1688481688
FollowingFeedDoradoCooldownSix,1688485204
FollowingFeedDoradoCooldownSix,1688485205
FollowingFeedDoradoCooldownSix,1688518907
FollowingFeedDoradoCooldownSix,1688518908
FollowingFeedDoradoCooldownSix,1688576823
FollowingFeedDoradoCooldownSix,1688576824
FollowingFeedDoradoCooldownSix,1688607529
FollowingFeedDoradoCooldownSix,1688659370
FollowingFeedDoradoCooldownSix,1688659371
FollowingFeedDoradoCooldownSix,1688659372
FollowingFeedDoradoCooldownSix,1688675515
FollowingFeedDoradoCooldownSix,1688675516
FollowingFeedDoradoCooldownSix,1688774350
FollowingFeedDoradoCooldownSix,1688774354
FollowingFeedDoradoCooldownSix,1688774355
FollowingFeedDoradoCooldownSix,1688778595
FollowingFeedDoradoCooldownSix,1688778596
FollowingFeedDoradoCooldownSix,1688778597
FollowingFeedDoradoCooldownSix,1688863803
FollowingFeedDoradoCooldownSix,1688863804
FollowingFeedDoradoCooldownSix,1688863807
FollowingFeedDoradoCooldownSix,1688907296
FollowingFeedDoradoCooldownSix,1688907297
FollowingFeedDoradoCooldownSix,1688907298
FollowingFeedDoradoCooldownSix,1688962108
FollowingFeedDoradoCooldownSix,1688962109
FollowingFeedDoradoCooldownSix,1688963542
FollowingFeedDoradoCooldownSix,1689037006
FollowingFeedDoradoCooldownSix,1689037007
FollowingFeedDoradoCooldownSix,1689083373
FollowingFeedDoradoCooldownSix,1689091002
FollowingFeedDoradoCooldownSix,1689091003
FollowingFeedDoradoCooldownSix,1689091007
FollowingFeedDoradoCooldownSix,1689197148
FollowingFeedDoradoCooldownSix,1689197149
FollowingFeedDoradoCooldownSix,1689200192
FollowingFeedDoradoCooldownSix,1689200193
FollowingFeedDoradoCooldownSix,1689200195
FollowingFeedDoradoCooldownSix,1689200413
FollowingFeedDoradoCooldownSix,1689284351
FollowingFeedDoradoCooldownSix,1689284352
FollowingFeedDoradoCooldownSix,1689287515
FollowingFeedDoradoCooldownSix,1689287516
FollowingFeedDoradoCooldownSix,1689287520
FollowingFeedDoradoCooldownSix,1689288196
FollowingFeedDoradoCooldownSix,1689437313
FollowingFeedDoradoCooldownSix,1689456763
FollowingFeedDoradoCooldownSix,1689456764
FollowingFeedDoradoCooldownSix,1689456771
FollowingFeedDoradoCooldownSix,1689456773
FollowingFeedDoradoCooldownSix,1689465829
FollowingFeedDoradoCooldownSix,1689524069
FollowingFeedDoradoCooldownSix,1689549639
FollowingFeedDoradoCooldownSix,1689549642
FollowingFeedDoradoCooldownSix,1689549643
FollowingFeedDoradoCooldownSix,1689559970
FollowingFeedDoradoCooldownSix,1689559971
FollowingFeedDoradoCooldownSix,1689612373
FollowingFeedDoradoCooldownSix,1689800080
FollowingFeedDoradoCooldownSix,1689800081
FollowingFeedDoradoCooldownSix,1689800140
FollowingFeedDoradoCooldownSix,1689805549
FollowingFeedDoradoCooldownSix,1689805550
FollowingFeedDoradoCooldownSix,1689807999
FollowingFeedDoradoCooldownSix,1689893072
FollowingFeedDoradoCooldownSix,1689893131
FollowingFeedDoradoCooldownSix,1689973361
FollowingFeedDoradoCooldownSix,1689974239
FollowingFeedDoradoCooldownSix,1689974240
FollowingFeedDoradoCooldownSix,1689976539
FollowingFeedDoradoCooldownSix,1690035241
FollowingFeedDoradoCooldownSix,1690035243
FollowingFeedDoradoCooldownSix,1690061831
FollowingFeedDoradoCooldownSix,1690061832
FollowingFeedDoradoCooldownSix,1690061849
FollowingFeedDoradoCooldownSix,1690063401
FollowingFeedDoradoCooldownSix,1690124309
FollowingFeedDoradoCooldownSix,1690124310
FollowingFeedDoradoCooldownSix,1690153173
FollowingFeedDoradoCooldownSix,1690153179
FollowingFeedDoradoCooldownSix,1690153180
FollowingFeedDoradoCooldownSix,1690157355
FollowingFeedDoradoCooldownSix,1690252685
FollowingFeedDoradoCooldownSix,1690252686
FollowingFeedDoradoCooldownSix,1690283725
FollowingFeedDoradoCooldownSix,1690283726
FollowingFeedDoradoCooldownSix,1690381036
FollowingFeedDoradoCooldownSix,1690381038
FollowingFeedDoradoCooldownSix,1690399007
FollowingFeedDoradoCooldownSix,1690399008
FollowingFeedDoradoCooldownSix,1690494363
FollowingFeedDoradoCooldownSix,1690494364
FollowingFeedDoradoCooldownSix,1690499933
FollowingFeedDoradoCooldownSix,1690499934
FollowingFeedDoradoCooldownSix,1690508828
FollowingFeedDoradoCooldownSix,1690508829
FollowingFeedDoradoCooldownSix,1690581679
FollowingFeedDoradoCooldownSix,1690581680
FollowingFeedDoradoCooldownSix,1690591511
FollowingFeedDoradoCooldownSix,1690591512
FollowingFeedDoradoCooldownSix,1690638322
FollowingFeedDoradoCooldownSix,1690638333
FollowingFeedDoradoCooldownSix,1690670579
FollowingFeedDoradoCooldownSix,1690670580
FollowingFeedDoradoCooldownSix,1690678763
FollowingFeedDoradoCooldownSix,1690678764
FollowingFeedDoradoCooldownSix,1690732361
FollowingFeedDoradoCooldownSix,1690732362
FollowingFeedDoradoCooldownSix,1690765148
FollowingFeedDoradoCooldownSix,1690765149
FollowingFeedDoradoCooldownSix,1690806778
FollowingFeedDoradoCooldownSix,1690806779
FollowingFeedDoradoCooldownSix,1690834805
FollowingFeedDoradoCooldownSix,1690834806
FollowingFeedDoradoCooldownSix,1690897972
FollowingFeedDoradoCooldownSix,1690897973
FollowingFeedDoradoCooldownSix,1690900789
FollowingFeedDoradoCooldownSix,1690900790
FollowingFeedDoradoCooldownSix,1690927800
FollowingFeedDoradoCooldownSix,1690927801
FollowingFeedDoradoCooldownSix,1691000681
FollowingFeedDoradoCooldownSix,1691000682
FollowingFeedDoradoCooldownSix,1691094905
FollowingFeedDoradoCooldownSix,1691094906
FollowingFeedDoradoCooldownSix,1691100020
FollowingFeedDoradoCooldownSix,1691100021
FollowingFeedDoradoCooldownSix,1691100025
FollowingFeedDoradoCooldownSix,1691100026
FollowingFeedDoradoCooldownSix,1691244109
FollowingFeedDoradoCooldownSix,1691244112
FollowingFeedDoradoCooldownSix,1691255037
FollowingFeedDoradoCooldownSix,1691255038
FollowingFeedDoradoCooldownSix,1691255044
FollowingFeedDoradoCooldownSix,1691255045
FollowingFeedDoradoCooldownSix,1691429786
FollowingFeedDoradoCooldownSix,1691429792
FollowingFeedDoradoCooldownSix,1691438753
FollowingFeedDoradoCooldownSix,1691438755
FollowingFeedDoradoCooldownSix,1691438760
FollowingFeedDoradoCooldownSix,1691438761
FollowingFeedDoradoCooldownSix,1691626163
FollowingFeedDoradoCooldownSix,1691626164
FollowingFeedDoradoCooldownSix,1691628521
FollowingFeedDoradoCooldownSix,1691628522
FollowingFeedDoradoCooldownSix,1691630874
FollowingFeedDoradoCooldownSix,1691630875
FollowingFeedDoradoCooldownSix,1691713790
FollowingFeedDoradoCooldownSix,1691713791
FollowingFeedDoradoCooldownSix,1691769726
FollowingFeedDoradoCooldownSix,1691769727
FollowingFeedDoradoCooldownSix,1691771708
FollowingFeedDoradoCooldownSix,1691771709
FollowingFeedDoradoCooldownSix,1691803738
FollowingFeedDoradoCooldownSix,1691803739
FollowingFeedDoradoCooldownSix,1691945560
FollowingFeedDoradoCooldownSix,1691945561
FollowingFeedDoradoCooldownSix,1691949441
FollowingFeedDoradoCooldownSix,1691949442
FollowingFeedDoradoCooldownSix,1691949443
FollowingFeedDoradoCooldownSix,1691949444
FollowingFeedDoradoCooldownSix,1692050589
FollowingFeedDoradoCooldownSix,1692050591
FollowingFeedDoradoCooldownSix,1692050608
FollowingFeedDoradoCooldownSix,1692050609
FollowingFeedDoradoCooldownSix,1692052059
FollowingFeedDoradoCooldownSix,1692052060
FollowingFeedDoradoCooldownSix,1692215853
FollowingFeedDoradoCooldownSix,1692215854
FollowingFeedDoradoCooldownSix,1692215866
FollowingFeedDoradoCooldownSix,1692215867
FollowingFeedDoradoCooldownSix,1692232381
FollowingFeedDoradoCooldownSix,1692235234
FollowingFeedDoradoCooldownSix,1692379363
FollowingFeedDoradoCooldownSix,1692379364
FollowingFeedDoradoCooldownSix,1692380596
FollowingFeedDoradoCooldownSix,1692380597
FollowingFeedDoradoCooldownSix,1692386882
FollowingFeedDoradoCooldownSix,1692386883
FollowingFeedDoradoCooldownSix,1692564390
FollowingFeedDoradoCooldownSix,1692564391
FollowingFeedDoradoCooldownSix,1692572061
FollowingFeedDoradoCooldownSix,1692572062
FollowingFeedDoradoCooldownSix,1692572063
FollowingFeedDoradoCooldownSix,1692572064
FollowingFeedDoradoCooldownSix,1692661515
FollowingFeedDoradoCooldownSix,1692662892
FollowingFeedDoradoCooldownSix,1692662909
FollowingFeedDoradoCooldownSix,1692663384
FollowingFeedDoradoCooldownSix,1692663385
FollowingFeedDoradoCooldownSix,1692663389
FollowingFeedDoradoCooldownSix,1692841956
FollowingFeedDoradoCooldownSix,1692895272
FollowingFeedDoradoCooldownSix,1692895273
FollowingFeedDoradoCooldownSix,1692895275
FollowingFeedDoradoCooldownSix,1692895276
FollowingFeedDoradoCooldownSix,1692895599
FollowingFeedDoradoCooldownSix,1692994909
FollowingFeedDoradoCooldownSix,1692994910
FollowingFeedDoradoCooldownSix,1693062284
FollowingFeedDoradoCooldownSix,1693062285
FollowingFeedDoradoCooldownSix,1693066110
FollowingFeedDoradoCooldownSix,1693066111
FollowingFeedDoradoCooldownSix,1693150199
FollowingFeedDoradoCooldownSix,1693150200
FollowingFeedDoradoCooldownSix,1693150204
FollowingFeedDoradoCooldownSix,1693150205
FollowingFeedDoradoCooldownSix,1693262810
FollowingFeedDoradoCooldownSix,1693262811
FollowingFeedDoradoCooldownSix,1693262814
FollowingFeedDoradoCooldownSix,1693262815
FollowingFeedDoradoCooldownSix,1693308134
FollowingFeedDoradoCooldownSix,1693308135
FollowingFeedDoradoCooldownSix,1693522762
FollowingFeedDoradoCooldownSix,1693694730
FollowingFeedDoradoCooldownSix,1693694731
FollowingFeedDoradoCooldownSix,1693694735
FollowingFeedDoradoCooldownSix,1693694736
FollowingFeedDoradoCooldownSix,1693694739
FollowingFeedDoradoCooldownSix,1693694740
FollowingFeedDoradoCooldownSix,1693929342
FollowingFeedDoradoCooldownSix,1693929343
FollowingFeedDoradoCooldownSix,1693929344
FollowingFeedDoradoCooldownSix,1693929345
FollowingFeedDoradoCooldownSix,1693929347
FollowingFeedDoradoCooldownSix,1693929348
FollowingFeedDoradoCooldownSix,1694037753
FollowingFeedDoradoCooldownSix,1694037754
FollowingFeedDoradoCooldownSix,1694056065
FollowingFeedDoradoCooldownSix,1694056066
FollowingFeedDoradoCooldownSix,1694215946
FollowingFeedDoradoCooldownSix,1694222161
FollowingFeedDoradoCooldownSix,1694222166
FollowingFeedDoradoCooldownSix,1694222167
FollowingFeedDoradoCooldownSix,1694222192
FollowingFeedDoradoCooldownSix,1694222193
FollowingFeedDoradoCooldownSix,1694348901
FollowingFeedDoradoCooldownSix,1694348902
FollowingFeedDoradoCooldownSix,1694357816
FollowingFeedDoradoCooldownSix,1694357817
FollowingFeedDoradoCooldownSix,1694358777
FollowingFeedDoradoCooldownSix,1694358778
FollowingFeedDoradoCooldownSix,1694455719
FollowingFeedDoradoCooldownSix,1694455720
FollowingFeedDoradoCooldownSix,1694470145
FollowingFeedDoradoCooldownSix,1694470146
FollowingFeedDoradoCooldownSix,1694530793
FollowingFeedDoradoCooldownSix,1694530797
FollowingFeedDoradoCooldownSix,1694609045
FollowingFeedDoradoCooldownSix,1694609046
FollowingFeedDoradoCooldownSix,1694610931
FollowingFeedDoradoCooldownSix,1694610933
FollowingFeedDoradoCooldownSix,1694651138
FollowingFeedDoradoCooldownSix,1694651139
FollowingFeedDoradoCooldownSix,1694742670
FollowingFeedDoradoCooldownSix,1694988144
FollowingFeedDoradoCooldownSix,1694988145
FollowingFeedDoradoCooldownSix,1694999973
FollowingFeedDoradoCooldownSix,1694999974
FollowingFeedDoradoCooldownSix,1694999987
FollowingFeedDoradoCooldownSix,1695002406
FollowingFeedDoradoCooldownSix,1695300782
FollowingFeedDoradoCooldownSix,1695318637
FollowingFeedDoradoCooldownSix,1695318638
FollowingFeedDoradoCooldownSix,1695427969
FollowingFeedDoradoCooldownSix,1695427970
FollowingFeedDoradoCooldownSix,1695428112
FollowingFeedDoradoCooldownSix,1695428113
FollowingFeedDoradoCooldownSix,1695477305
FollowingFeedDoradoCooldownSix,1695477306
FollowingFeedDoradoCooldownSix,1695667484
FollowingFeedDoradoCooldownSix,1695667485
FollowingFeedDoradoCooldownSix,1695667491
FollowingFeedDoradoCooldownSix,1695667492
FollowingFeedDoradoCooldownSix,1696080393
FollowingFeedDoradoCooldownSix,1696080394
FollowingFeedDoradoCooldownSix,1696080406
FollowingFeedDoradoCooldownSix,1696080407
FollowingFeedDoradoCooldownSix,1696082340
FollowingFeedDoradoCooldownSix,1696082341
FollowingFeedDoradoCooldownSix,1696167442
FollowingFeedDoradoCooldownSix,1696167443
FollowingFeedDoradoCooldownSix,1696205483
FollowingFeedDoradoCooldownSix,1696205486
FollowingFeedDoradoCooldownSix,1696251179
FollowingFeedDoradoCooldownSix,1696251180
FollowingFeedDoradoCooldownSix,1696300582
FollowingFeedDoradoCooldownSix,1696300583
FollowingFeedDoradoCooldownSix,1696341856
FollowingFeedDoradoCooldownSix,1696341858
FollowingFeedDoradoCooldownSix,1696456264
FollowingFeedDoradoCooldownSix,1696456265
FollowingFeedDoradoCooldownSix,1696509703
FollowingFeedDoradoCooldownSix,1696509704
FollowingFeedDoradoCooldownSix,1696509715
FollowingFeedDoradoCooldownSix,1696509716
FollowingFeedDoradoCooldownSix,1696862413
FollowingFeedDoradoCooldownSix,1696862414
FollowingFeedDoradoCooldownSix,1696973738
FollowingFeedDoradoCooldownSix,1696973739
NewTermsOfService,1688148470
