Reaction Date,Reaction Type,Parent Type,Parent ID
"23 May 2023, 02:34:08",Kudos,Activity,9116053322
"24 May 2023, 00:44:42",Kudos,Activity,9128770853
"25 May 2023, 12:38:50",Kudos,Activity,9134796606
"25 May 2023, 23:04:53",Kudos,Activity,9140987761
"26 May 2023, 13:12:09",Kudos,Activity,9141015065
"27 May 2023, 12:47:51",Kudos,Activity,9146791039
"31 May 2023, 12:31:30",Kudos,Activity,9170020786
"31 May 2023, 18:47:16",Kudos,Activity,9176985982
"1 Jun 2023, 03:04:55",Kudos,Activity,9179000758
"1 Jun 2023, 03:05:13",Kudos,Activity,9178882379
"3 Jun 2023, 13:15:33",Kudos,Activity,9190938654
"3 Jun 2023, 13:47:07",Kudos,Activity,9190549392
"3 Jun 2023, 14:52:42",Kudos,Activity,9194323309
"3 Jun 2023, 20:16:44",Kudos,Activity,9196624839
"5 Jun 2023, 12:43:21",Kudos,Activity,9203070255
"5 Jun 2023, 22:51:50",Kudos,Activity,9209866139
"6 Jun 2023, 22:59:23",Kudos,Activity,9216014742
"6 Jun 2023, 22:59:33",Kudos,Activity,9210857905
"8 Jun 2023, 12:41:04",Kudos,Activity,9223261849
"8 Jun 2023, 12:41:09",Kudos,Activity,9221652661
"8 Jun 2023, 12:41:22",Kudos,Activity,9221654489
"8 Jun 2023, 12:41:36",Kudos,Activity,9217569893
"8 Jun 2023, 12:41:51",Kudos,Activity,9223659914
"10 Jun 2023, 00:48:40",Kudos,Activity,9235528226
"11 Jun 2023, 13:15:44",Kudos,Activity,9241531395
"11 Jun 2023, 13:15:45",Kudos,Activity,9241201710
"11 Jun 2023, 17:40:53",Kudos,Activity,9246214354
"11 Jun 2023, 17:42:26",Kudos,Activity,9245882541
"13 Jun 2023, 14:15:48",Kudos,Activity,9255022823
"13 Jun 2023, 14:16:12",Kudos,Activity,9253269379
"13 Jun 2023, 17:32:16",Kudos,Activity,9258192847
"14 Jun 2023, 17:00:48",Kudos,Activity,9261537117
"14 Jun 2023, 17:00:56",Kudos,Activity,9261319703
"18 Jun 2023, 21:31:27",Kudos,Activity,9291553318
"20 Jun 2023, 01:10:56",Kudos,Activity,9290222358
"20 Jun 2023, 01:10:58",Kudos,Activity,9290231582
"23 Jun 2023, 12:49:39",Kudos,Activity,9315809393
"23 Jun 2023, 23:51:50",Kudos,Activity,9321069401
"26 Jun 2023, 13:52:34",Kudos,Activity,9334045055
"26 Jun 2023, 20:59:22",Kudos,Activity,9338839198
"27 Jun 2023, 00:38:38",Kudos,Activity,9341057830
"27 Jun 2023, 00:38:40",Kudos,Activity,9340887056
"27 Jun 2023, 14:49:04",Kudos,Activity,9344359682
"27 Jun 2023, 14:49:19",Kudos,Activity,9344359862
"28 Jun 2023, 22:30:19",Kudos,Activity,9351371082
"29 Jun 2023, 22:08:05",Kudos,Activity,9353672427
"30 Jun 2023, 12:45:33",Kudos,Activity,9361345791
"3 Jul 2023, 00:15:44",Kudos,Activity,9377731291
"3 Jul 2023, 00:15:49",Kudos,Activity,9377729129
"3 Jul 2023, 00:16:09",Kudos,Activity,9375145014
"3 Jul 2023, 00:16:12",Kudos,Activity,9375144647
"3 Jul 2023, 00:16:15",Kudos,Activity,9375144431
"6 Jul 2023, 01:38:58",Kudos,Activity,9396149978
"7 Jul 2023, 17:27:12",Kudos,Activity,9405545282
"8 Jul 2023, 01:09:59",Kudos,Activity,9408658055
"8 Jul 2023, 16:13:59",Kudos,Activity,9412606843
"9 Jul 2023, 18:56:05",Kudos,Activity,9418683775
"9 Jul 2023, 21:40:52",Kudos,Activity,9421154798
"10 Jul 2023, 04:08:38",Kudos,Activity,9421293210
"11 Jul 2023, 00:57:01",Kudos,Activity,9427416453
"11 Jul 2023, 00:57:10",Kudos,Activity,9427416432
"11 Jul 2023, 00:57:18",Kudos,Activity,9427416365
"11 Jul 2023, 16:36:26",Kudos,Activity,9431488531
"11 Jul 2023, 17:10:41",Kudos,Activity,9421650359
"12 Jul 2023, 21:26:04",Kudos,Activity,9434009280
"13 Jul 2023, 13:01:38",Kudos,Activity,9440681726
"13 Jul 2023, 22:42:51",Kudos,Activity,9445079539
"13 Jul 2023, 22:43:20",Kudos,Activity,9446423490
"14 Jul 2023, 00:57:17",Kudos,Activity,9446773740
"15 Jul 2023, 15:32:18",Kudos,Activity,9452950808
"16 Jul 2023, 00:03:57",Kudos,Activity,9452848057
"16 Jul 2023, 15:57:29",Kudos,Activity,9458993486
"16 Jul 2023, 19:54:42",Kudos,Activity,9464292610
"17 Jul 2023, 16:50:35",Kudos,Activity,9469006519
"18 Jul 2023, 22:25:34",Kudos,Activity,9474979049
"18 Jul 2023, 22:26:16",Kudos,Activity,9477223054
"18 Jul 2023, 22:26:20",Kudos,Activity,9471199761
"19 Jul 2023, 20:55:22",Kudos,Activity,9482594728
"20 Jul 2023, 00:57:26",Kudos,Activity,9484742480
"20 Jul 2023, 18:41:25",Kudos,Activity,9485064584
"20 Jul 2023, 18:41:26",Kudos,Activity,9485065198
"21 Jul 2023, 21:02:46",Kudos,Activity,9494882837
"21 Jul 2023, 21:02:48",Kudos,Activity,9494204800
"21 Jul 2023, 22:11:31",Kudos,Activity,9496216157
"23 Jul 2023, 14:58:34",Kudos,Activity,9503551875
"23 Jul 2023, 18:35:30",Kudos,Activity,9502890905
"24 Jul 2023, 10:14:06",Kudos,Activity,9509604836
"24 Jul 2023, 18:21:09",Kudos,Activity,9513268127
"25 Jul 2023, 11:15:49",Kudos,Activity,9515386699
"25 Jul 2023, 11:15:58",Kudos,Activity,9515386616
"26 Jul 2023, 14:17:27",Kudos,Activity,9521697659
"26 Jul 2023, 14:18:13",Kudos,Activity,9520752683
"28 Jul 2023, 13:51:38",Kudos,Activity,9534904275
"29 Jul 2023, 22:43:34",Kudos,Activity,9545785140
"30 Jul 2023, 17:10:25",Kudos,Activity,9551279763
"31 Jul 2023, 00:59:18",Kudos,Activity,9552713726
"31 Jul 2023, 12:33:01",Kudos,Activity,9553427585
"3 Aug 2023, 17:13:33",Kudos,Activity,9571131919
"3 Aug 2023, 17:13:38",Kudos,Activity,9576501637
"3 Aug 2023, 23:42:45",Kudos,Activity,9578156406
"3 Aug 2023, 23:42:49",Kudos,Activity,9578156262
"4 Aug 2023, 12:58:20",Kudos,Activity,9578517091
"4 Aug 2023, 12:58:26",Kudos,Activity,9578440322
"4 Aug 2023, 13:41:57",Kudos,Activity,9578156401
"7 Aug 2023, 23:12:40",Kudos,Activity,9602802405
"7 Aug 2023, 23:13:05",Kudos,Activity,9597492195
"7 Aug 2023, 23:13:06",Kudos,Activity,9594850774
"7 Aug 2023, 23:13:07",Kudos,Activity,9594850477
"7 Aug 2023, 23:13:10",Kudos,Activity,9600690291
"7 Aug 2023, 23:13:13",Kudos,Activity,9596984728
"7 Aug 2023, 23:13:15",Kudos,Activity,9600619857
"7 Aug 2023, 23:13:17",Kudos,Activity,9600619811
"7 Aug 2023, 23:13:18",Kudos,Activity,9590627136
"8 Aug 2023, 12:21:51",Kudos,Activity,9603534504
"10 Aug 2023, 00:09:28",Kudos,Activity,9616029432
"10 Aug 2023, 00:09:32",Kudos,Activity,9614473269
"10 Aug 2023, 00:09:38",Kudos,Activity,9607913520
"10 Aug 2023, 00:09:41",Kudos,Activity,9609801138
"11 Aug 2023, 17:39:09",Kudos,Activity,9627781575
"14 Aug 2023, 15:22:07",Kudos,Activity,9643114957
"14 Aug 2023, 15:22:11",Kudos,Activity,9641452197
"14 Aug 2023, 15:22:13",Kudos,Activity,9641412637
"14 Aug 2023, 15:22:16",Kudos,Activity,9633531304
"14 Aug 2023, 15:22:21",Kudos,Activity,9636072248
"14 Aug 2023, 15:22:30",Kudos,Activity,9619686315
"14 Aug 2023, 22:27:46",Kudos,Activity,9646828642
"16 Aug 2023, 19:57:40",Kudos,Activity,9658844917
"16 Aug 2023, 19:58:01",Kudos,Activity,9660558402
"16 Aug 2023, 19:58:12",Kudos,Activity,9655282250
"16 Aug 2023, 19:58:24",Kudos,Activity,9655487465
"18 Aug 2023, 17:23:04",Kudos,Activity,9673161068
"18 Aug 2023, 17:23:30",Kudos,Activity,9668932773
"18 Aug 2023, 17:23:35",Kudos,Activity,9668932701
"18 Aug 2023, 17:23:38",Kudos,Activity,9673545448
"18 Aug 2023, 17:43:23",Kudos,Activity,9673864016
"24 Aug 2023, 01:52:57",Kudos,Activity,9708587551
"24 Aug 2023, 01:53:19",Kudos,Activity,9699694120
"24 Aug 2023, 16:46:19",Kudos,Activity,9687919890
"24 Aug 2023, 16:46:20",Kudos,Activity,9687920044
"25 Aug 2023, 22:20:41",Kudos,Activity,9719138721
"25 Aug 2023, 22:20:45",Kudos,Activity,9714965663
"25 Aug 2023, 22:20:46",Kudos,Activity,9714965636
"28 Aug 2023, 22:47:11",Kudos,Activity,9732349769
"29 Aug 2023, 18:18:24",Kudos,Activity,9743237876
"29 Aug 2023, 18:18:25",Kudos,Activity,9743237840
"6 Sep 2023, 15:49:54",Kudos,Activity,9795493554
"6 Sep 2023, 15:50:08",Kudos,Activity,9794949012
"7 Sep 2023, 03:07:59",Kudos,Activity,9798272577
"9 Sep 2023, 01:16:41",Kudos,Activity,9811328382
"9 Sep 2023, 01:53:59",Kudos,Activity,9798968641
"10 Sep 2023, 12:28:24",Kudos,Activity,9817970825
"11 Sep 2023, 14:00:46",Kudos,Activity,9824588654
"11 Sep 2023, 14:00:49",Kudos,Activity,9822639372
"11 Sep 2023, 22:09:08",Kudos,Activity,9830170782
"15 Sep 2023, 19:27:10",Kudos,Activity,9854019373
"15 Sep 2023, 19:27:12",Kudos,Activity,9854019300
"21 Sep 2023, 12:53:12",Kudos,Activity,9890145746
"21 Sep 2023, 12:53:17",Kudos,Activity,9889956124
"21 Sep 2023, 12:53:23",Kudos,Activity,9885297745
"21 Sep 2023, 12:53:25",Kudos,Activity,9885297669
"21 Sep 2023, 12:53:28",Kudos,Activity,9880491440
"21 Sep 2023, 12:53:35",Kudos,Activity,9882054533
"23 Sep 2023, 00:29:34",Kudos,Activity,9900989111
"24 Sep 2023, 15:07:33",Kudos,Activity,9907630278
"30 Sep 2023, 18:17:03",Kudos,Activity,9950328202
"1 Oct 2023, 13:37:30",Kudos,Activity,9951796596
"5 Oct 2023, 12:41:52",Kudos,Activity,9979035999
"16 May 2023, 16:31:53",Like,Comment,1534961271
"3 Jun 2023, 00:19:37",Like,Comment,1549275730
"3 Jun 2023, 22:32:01",Like,Comment,1550215370
"4 Jun 2023, 00:23:37",Like,Comment,1550344284
"9 Jun 2023, 20:37:21",Like,Comment,1554739748
"6 Jul 2023, 17:21:49",Like,Comment,1575666109
"11 Jul 2023, 17:10:22",Like,Comment,1579696158
"11 Jul 2023, 23:10:52",Like,Comment,1579829714
"13 Jul 2023, 13:01:33",Like,Comment,1580616662
"16 Jul 2023, 19:54:47",Like,Comment,1583560579
"22 Jul 2023, 21:37:17",Like,Comment,1587757753
"23 Jul 2023, 17:22:45",Like,Comment,1588553808
"25 Jul 2023, 11:15:31",Like,Comment,1589682351
"14 Aug 2023, 15:21:29",Like,Comment,1603293916
